lCluster,0.0,1.0,2.0,3.0,4.0,5.0
l_Specific Ventilation (mL/mL)_count_count,1.0,1.0,1.0,1.0,1.0,1.0
l_Specific Ventilation (mL/mL)_count_mean,195.0,1031.0,1749.0,1076.0,265.0,55.0
l_Specific Ventilation (mL/mL)_count_min,195.0,1031.0,1749.0,1076.0,265.0,55.0
l_Specific Ventilation (mL/mL)_count_25%,195.0,1031.0,1749.0,1076.0,265.0,55.0
l_Specific Ventilation (mL/mL)_count_50%,195.0,1031.0,1749.0,1076.0,265.0,55.0
l_Specific Ventilation (mL/mL)_count_75%,195.0,1031.0,1749.0,1076.0,265.0,55.0
l_Specific Ventilation (mL/mL)_count_max,195.0,1031.0,1749.0,1076.0,265.0,55.0
l_Specific Ventilation (mL/mL)_mean_count,1.0,1.0,1.0,1.0,1.0,1.0
l_Specific Ventilation (mL/mL)_mean_mean,0.034545207220512825,0.24645695053346267,0.35497810177244143,0.455036094795539,0.6842352528301886,1.1126362
l_Specific Ventilation (mL/mL)_mean_min,0.034545207220512825,0.24645695053346267,0.35497810177244143,0.455036094795539,0.6842352528301886,1.1126362
l_Specific Ventilation (mL/mL)_mean_25%,0.034545207220512825,0.24645695053346267,0.35497810177244143,0.455036094795539,0.6842352528301886,1.1126362
l_Specific Ventilation (mL/mL)_mean_50%,0.034545207220512825,0.24645695053346267,0.35497810177244143,0.455036094795539,0.6842352528301886,1.1126362
l_Specific Ventilation (mL/mL)_mean_75%,0.034545207220512825,0.24645695053346267,0.35497810177244143,0.455036094795539,0.6842352528301886,1.1126362
l_Specific Ventilation (mL/mL)_mean_max,0.034545207220512825,0.24645695053346267,0.35497810177244143,0.455036094795539,0.6842352528301886,1.1126362
l_Specific Ventilation (mL/mL)_std_count,1.0,1.0,1.0,1.0,1.0,1.0
l_Specific Ventilation (mL/mL)_std_mean,0.12077151388229801,0.04169958837356473,0.029449072649204138,0.042119994520553664,0.08913069916140132,0.2290889180198298
l_Specific Ventilation (mL/mL)_std_min,0.12077151388229801,0.04169958837356473,0.029449072649204138,0.042119994520553664,0.08913069916140132,0.2290889180198298
l_Specific Ventilation (mL/mL)_std_25%,0.12077151388229801,0.04169958837356473,0.029449072649204138,0.042119994520553664,0.08913069916140132,0.2290889180198298
l_Specific Ventilation (mL/mL)_std_50%,0.12077151388229801,0.04169958837356473,0.029449072649204138,0.042119994520553664,0.08913069916140132,0.2290889180198298
l_Specific Ventilation (mL/mL)_std_75%,0.12077151388229801,0.04169958837356473,0.029449072649204138,0.042119994520553664,0.08913069916140132,0.2290889180198298
l_Specific Ventilation (mL/mL)_std_max,0.12077151388229801,0.04169958837356473,0.029449072649204138,0.042119994520553664,0.08913069916140132,0.2290889180198298
l_Specific Ventilation (mL/mL)_min_count,1.0,1.0,1.0,1.0,1.0,1.0
l_Specific Ventilation (mL/mL)_min_mean,-0.689437,0.140891,0.300687,0.404465,0.57054,0.89851
l_Specific Ventilation (mL/mL)_min_min,-0.689437,0.140891,0.300687,0.404465,0.57054,0.89851
l_Specific Ventilation (mL/mL)_min_25%,-0.689437,0.140891,0.300687,0.404465,0.57054,0.89851
l_Specific Ventilation (mL/mL)_min_50%,-0.689437,0.140891,0.300687,0.404465,0.57054,0.89851
l_Specific Ventilation (mL/mL)_min_75%,-0.689437,0.140891,0.300687,0.404465,0.57054,0.89851
l_Specific Ventilation (mL/mL)_min_max,-0.689437,0.140891,0.300687,0.404465,0.57054,0.89851
l_Specific Ventilation (mL/mL)_25%_count,1.0,1.0,1.0,1.0,1.0,1.0
l_Specific Ventilation (mL/mL)_25%_mean,0.0015923775,0.221309,0.329126,0.421006,0.606753,0.9436635
l_Specific Ventilation (mL/mL)_25%_min,0.0015923775,0.221309,0.329126,0.421006,0.606753,0.9436635
l_Specific Ventilation (mL/mL)_25%_25%,0.0015923775,0.221309,0.329126,0.421006,0.606753,0.9436635
l_Specific Ventilation (mL/mL)_25%_50%,0.0015923775,0.221309,0.329126,0.421006,0.606753,0.9436635
l_Specific Ventilation (mL/mL)_25%_75%,0.0015923775,0.221309,0.329126,0.421006,0.606753,0.9436635
l_Specific Ventilation (mL/mL)_25%_max,0.0015923775,0.221309,0.329126,0.421006,0.606753,0.9436635
l_Specific Ventilation (mL/mL)_50%_count,1.0,1.0,1.0,1.0,1.0,1.0
l_Specific Ventilation (mL/mL)_50%_mean,0.071984,0.255317,0.356333,0.443377,0.663918,1.01801
l_Specific Ventilation (mL/mL)_50%_min,0.071984,0.255317,0.356333,0.443377,0.663918,1.01801
l_Specific Ventilation (mL/mL)_50%_25%,0.071984,0.255317,0.356333,0.443377,0.663918,1.01801
l_Specific Ventilation (mL/mL)_50%_50%,0.071984,0.255317,0.356333,0.443377,0.663918,1.01801
l_Specific Ventilation (mL/mL)_50%_75%,0.071984,0.255317,0.356333,0.443377,0.663918,1.01801
l_Specific Ventilation (mL/mL)_50%_max,0.071984,0.255317,0.356333,0.443377,0.663918,1.01801
l_Specific Ventilation (mL/mL)_75%_count,1.0,1.0,1.0,1.0,1.0,1.0
l_Specific Ventilation (mL/mL)_75%_mean,0.112014,0.28165450000000003,0.380814,0.4784395,0.749697,1.2245249999999999
l_Specific Ventilation (mL/mL)_75%_min,0.112014,0.28165450000000003,0.380814,0.4784395,0.749697,1.2245249999999999
l_Specific Ventilation (mL/mL)_75%_25%,0.112014,0.28165450000000003,0.380814,0.4784395,0.749697,1.2245249999999999
l_Specific Ventilation (mL/mL)_75%_50%,0.112014,0.28165450000000003,0.380814,0.4784395,0.749697,1.2245249999999999
l_Specific Ventilation (mL/mL)_75%_75%,0.112014,0.28165450000000003,0.380814,0.4784395,0.749697,1.2245249999999999
l_Specific Ventilation (mL/mL)_75%_max,0.112014,0.28165450000000003,0.380814,0.4784395,0.749697,1.2245249999999999
l_Specific Ventilation (mL/mL)_max_count,1.0,1.0,1.0,1.0,1.0,1.0
l_Specific Ventilation (mL/mL)_max_mean,0.139764,0.30054,0.404429,0.568343,0.89063,1.74356
l_Specific Ventilation (mL/mL)_max_min,0.139764,0.30054,0.404429,0.568343,0.89063,1.74356
l_Specific Ventilation (mL/mL)_max_25%,0.139764,0.30054,0.404429,0.568343,0.89063,1.74356
l_Specific Ventilation (mL/mL)_max_50%,0.139764,0.30054,0.404429,0.568343,0.89063,1.74356
l_Specific Ventilation (mL/mL)_max_75%,0.139764,0.30054,0.404429,0.568343,0.89063,1.74356
l_Specific Ventilation (mL/mL)_max_max,0.139764,0.30054,0.404429,0.568343,0.89063,1.74356
l_x (mm)_count_count,1.0,1.0,1.0,1.0,1.0,1.0
l_x (mm)_count_mean,195.0,1031.0,1749.0,1076.0,265.0,55.0
l_x (mm)_count_min,195.0,1031.0,1749.0,1076.0,265.0,55.0
l_x (mm)_count_25%,195.0,1031.0,1749.0,1076.0,265.0,55.0
l_x (mm)_count_50%,195.0,1031.0,1749.0,1076.0,265.0,55.0
l_x (mm)_count_75%,195.0,1031.0,1749.0,1076.0,265.0,55.0
l_x (mm)_count_max,195.0,1031.0,1749.0,1076.0,265.0,55.0
l_x (mm)_mean_count,1.0,1.0,1.0,1.0,1.0,1.0
l_x (mm)_mean_mean,0.9626313589743589,0.6823326372453928,0.8898632995997713,0.032215648698884713,0.008606788679245235,0.4987374727272727
l_x (mm)_mean_min,0.9626313589743589,0.6823326372453928,0.8898632995997713,0.032215648698884713,0.008606788679245235,0.4987374727272727
l_x (mm)_mean_25%,0.9626313589743589,0.6823326372453928,0.8898632995997713,0.032215648698884713,0.008606788679245235,0.4987374727272727
l_x (mm)_mean_50%,0.9626313589743589,0.6823326372453928,0.8898632995997713,0.032215648698884713,0.008606788679245235,0.4987374727272727
l_x (mm)_mean_75%,0.9626313589743589,0.6823326372453928,0.8898632995997713,0.032215648698884713,0.008606788679245235,0.4987374727272727
l_x (mm)_mean_max,0.9626313589743589,0.6823326372453928,0.8898632995997713,0.032215648698884713,0.008606788679245235,0.4987374727272727
l_x (mm)_std_count,1.0,1.0,1.0,1.0,1.0,1.0
l_x (mm)_std_mean,3.7401765384164847,3.2761474365008323,3.537619917112475,4.232617419999806,4.083782862813473,2.373192757683052
l_x (mm)_std_min,3.7401765384164847,3.2761474365008323,3.537619917112475,4.232617419999806,4.083782862813473,2.373192757683052
l_x (mm)_std_25%,3.7401765384164847,3.2761474365008323,3.537619917112475,4.232617419999806,4.083782862813473,2.373192757683052
l_x (mm)_std_50%,3.7401765384164847,3.2761474365008323,3.537619917112475,4.232617419999806,4.083782862813473,2.373192757683052
l_x (mm)_std_75%,3.7401765384164847,3.2761474365008323,3.537619917112475,4.232617419999806,4.083782862813473,2.373192757683052
l_x (mm)_std_max,3.7401765384164847,3.2761474365008323,3.537619917112475,4.232617419999806,4.083782862813473,2.373192757683052
l_x (mm)_min_count,1.0,1.0,1.0,1.0,1.0,1.0
l_x (mm)_min_mean,-6.05946,-6.5807,-6.5807,-6.5807,-6.5807,-4.49573
l_x (mm)_min_min,-6.05946,-6.5807,-6.5807,-6.5807,-6.5807,-4.49573
l_x (mm)_min_25%,-6.05946,-6.5807,-6.5807,-6.5807,-6.5807,-4.49573
l_x (mm)_min_50%,-6.05946,-6.5807,-6.5807,-6.5807,-6.5807,-4.49573
l_x (mm)_min_75%,-6.05946,-6.5807,-6.5807,-6.5807,-6.5807,-4.49573
l_x (mm)_min_max,-6.05946,-6.5807,-6.5807,-6.5807,-6.5807,-4.49573
l_x (mm)_25%_count,1.0,1.0,1.0,1.0,1.0,1.0
l_x (mm)_25%_mean,-2.67137,-1.88951,-2.93199,-4.49573,-2.93199,-1.36826
l_x (mm)_25%_min,-2.67137,-1.88951,-2.93199,-4.49573,-2.93199,-1.36826
l_x (mm)_25%_25%,-2.67137,-1.88951,-2.93199,-4.49573,-2.93199,-1.36826
l_x (mm)_25%_50%,-2.67137,-1.88951,-2.93199,-4.49573,-2.93199,-1.36826
l_x (mm)_25%_75%,-2.67137,-1.88951,-2.93199,-4.49573,-2.93199,-1.36826
l_x (mm)_25%_max,-2.67137,-1.88951,-2.93199,-4.49573,-2.93199,-1.36826
l_x (mm)_50%_count,1.0,1.0,1.0,1.0,1.0,1.0
l_x (mm)_50%_mean,1.23796,0.716711,2.28044,1.23796,1.23796,1.23796
l_x (mm)_50%_min,1.23796,0.716711,2.28044,1.23796,1.23796,1.23796
l_x (mm)_50%_25%,1.23796,0.716711,2.28044,1.23796,1.23796,1.23796
l_x (mm)_50%_50%,1.23796,0.716711,2.28044,1.23796,1.23796,1.23796
l_x (mm)_50%_75%,1.23796,0.716711,2.28044,1.23796,1.23796,1.23796
l_x (mm)_50%_max,1.23796,0.716711,2.28044,1.23796,1.23796,1.23796
l_x (mm)_75%_count,1.0,1.0,1.0,1.0,1.0,1.0
l_x (mm)_75%_mean,3.84417,3.32293,3.84417,3.84417,3.32293,1.7592
l_x (mm)_75%_min,3.84417,3.32293,3.84417,3.84417,3.32293,1.7592
l_x (mm)_75%_25%,3.84417,3.32293,3.84417,3.84417,3.32293,1.7592
l_x (mm)_75%_50%,3.84417,3.32293,3.84417,3.84417,3.32293,1.7592
l_x (mm)_75%_75%,3.84417,3.32293,3.84417,3.84417,3.32293,1.7592
l_x (mm)_75%_max,3.84417,3.32293,3.84417,3.84417,3.32293,1.7592
l_x (mm)_max_count,1.0,1.0,1.0,1.0,1.0,1.0
l_x (mm)_max_mean,5.92915,6.45039,6.45039,6.45039,6.45039,6.45039
l_x (mm)_max_min,5.92915,6.45039,6.45039,6.45039,6.45039,6.45039
l_x (mm)_max_25%,5.92915,6.45039,6.45039,6.45039,6.45039,6.45039
l_x (mm)_max_50%,5.92915,6.45039,6.45039,6.45039,6.45039,6.45039
l_x (mm)_max_75%,5.92915,6.45039,6.45039,6.45039,6.45039,6.45039
l_x (mm)_max_max,5.92915,6.45039,6.45039,6.45039,6.45039,6.45039
l_y (mm)_count_count,1.0,1.0,1.0,1.0,1.0,1.0
l_y (mm)_count_mean,195.0,1031.0,1749.0,1076.0,265.0,55.0
l_y (mm)_count_min,195.0,1031.0,1749.0,1076.0,265.0,55.0
l_y (mm)_count_25%,195.0,1031.0,1749.0,1076.0,265.0,55.0
l_y (mm)_count_50%,195.0,1031.0,1749.0,1076.0,265.0,55.0
l_y (mm)_count_75%,195.0,1031.0,1749.0,1076.0,265.0,55.0
l_y (mm)_count_max,195.0,1031.0,1749.0,1076.0,265.0,55.0
l_y (mm)_mean_count,1.0,1.0,1.0,1.0,1.0,1.0
l_y (mm)_mean_mean,-0.22687340512820506,-0.7550050708050436,-0.6533037004002287,0.1814196013011152,0.39216312830188643,1.1905685999999995
l_y (mm)_mean_min,-0.22687340512820506,-0.7550050708050436,-0.6533037004002287,0.1814196013011152,0.39216312830188643,1.1905685999999995
l_y (mm)_mean_25%,-0.22687340512820506,-0.7550050708050436,-0.6533037004002287,0.1814196013011152,0.39216312830188643,1.1905685999999995
l_y (mm)_mean_50%,-0.22687340512820506,-0.7550050708050436,-0.6533037004002287,0.1814196013011152,0.39216312830188643,1.1905685999999995
l_y (mm)_mean_75%,-0.22687340512820506,-0.7550050708050436,-0.6533037004002287,0.1814196013011152,0.39216312830188643,1.1905685999999995
l_y (mm)_mean_max,-0.22687340512820506,-0.7550050708050436,-0.6533037004002287,0.1814196013011152,0.39216312830188643,1.1905685999999995
l_y (mm)_std_count,1.0,1.0,1.0,1.0,1.0,1.0
l_y (mm)_std_mean,3.321178995051699,2.2532718768568425,1.8067785618363312,1.9992195409176974,3.4566860615651356,5.015942533529687
l_y (mm)_std_min,3.321178995051699,2.2532718768568425,1.8067785618363312,1.9992195409176974,3.4566860615651356,5.015942533529687
l_y (mm)_std_25%,3.321178995051699,2.2532718768568425,1.8067785618363312,1.9992195409176974,3.4566860615651356,5.015942533529687
l_y (mm)_std_50%,3.321178995051699,2.2532718768568425,1.8067785618363312,1.9992195409176974,3.4566860615651356,5.015942533529687
l_y (mm)_std_75%,3.321178995051699,2.2532718768568425,1.8067785618363312,1.9992195409176974,3.4566860615651356,5.015942533529687
l_y (mm)_std_max,3.321178995051699,2.2532718768568425,1.8067785618363312,1.9992195409176974,3.4566860615651356,5.015942533529687
l_y (mm)_min_count,1.0,1.0,1.0,1.0,1.0,1.0
l_y (mm)_min_mean,-5.01697,-5.01697,-5.01697,-5.53821,-5.53821,-5.53821
l_y (mm)_min_min,-5.01697,-5.01697,-5.01697,-5.53821,-5.53821,-5.53821
l_y (mm)_min_25%,-5.01697,-5.01697,-5.01697,-5.53821,-5.53821,-5.53821
l_y (mm)_min_50%,-5.01697,-5.01697,-5.01697,-5.53821,-5.53821,-5.53821
l_y (mm)_min_75%,-5.01697,-5.01697,-5.01697,-5.53821,-5.53821,-5.53821
l_y (mm)_min_max,-5.01697,-5.01697,-5.01697,-5.53821,-5.53821,-5.53821
l_y (mm)_25%_count,1.0,1.0,1.0,1.0,1.0,1.0
l_y (mm)_25%_mean,-3.97448,-2.41075,-1.88951,-0.84702,-2.41075,-4.756349999999999
l_y (mm)_25%_min,-3.97448,-2.41075,-1.88951,-0.84702,-2.41075,-4.756349999999999
l_y (mm)_25%_25%,-3.97448,-2.41075,-1.88951,-0.84702,-2.41075,-4.756349999999999
l_y (mm)_25%_50%,-3.97448,-2.41075,-1.88951,-0.84702,-2.41075,-4.756349999999999
l_y (mm)_25%_75%,-3.97448,-2.41075,-1.88951,-0.84702,-2.41075,-4.756349999999999
l_y (mm)_25%_max,-3.97448,-2.41075,-1.88951,-0.84702,-2.41075,-4.756349999999999
l_y (mm)_50%_count,1.0,1.0,1.0,1.0,1.0,1.0
l_y (mm)_50%_mean,0.716711,-0.84702,-0.84702,0.195467,0.195467,3.32293
l_y (mm)_50%_min,0.716711,-0.84702,-0.84702,0.195467,0.195467,3.32293
l_y (mm)_50%_25%,0.716711,-0.84702,-0.84702,0.195467,0.195467,3.32293
l_y (mm)_50%_50%,0.716711,-0.84702,-0.84702,0.195467,0.195467,3.32293
l_y (mm)_50%_75%,0.716711,-0.84702,-0.84702,0.195467,0.195467,3.32293
l_y (mm)_50%_max,0.716711,-0.84702,-0.84702,0.195467,0.195467,3.32293
l_y (mm)_75%_count,1.0,1.0,1.0,1.0,1.0,1.0
l_y (mm)_75%_mean,2.28044,1.23796,0.716711,1.23796,3.32293,5.92915
l_y (mm)_75%_min,2.28044,1.23796,0.716711,1.23796,3.32293,5.92915
l_y (mm)_75%_25%,2.28044,1.23796,0.716711,1.23796,3.32293,5.92915
l_y (mm)_75%_50%,2.28044,1.23796,0.716711,1.23796,3.32293,5.92915
l_y (mm)_75%_75%,2.28044,1.23796,0.716711,1.23796,3.32293,5.92915
l_y (mm)_75%_max,2.28044,1.23796,0.716711,1.23796,3.32293,5.92915
l_y (mm)_max_count,1.0,1.0,1.0,1.0,1.0,1.0
l_y (mm)_max_mean,5.92915,5.92915,5.4079,6.45039,6.45039,6.45039
l_y (mm)_max_min,5.92915,5.92915,5.4079,6.45039,6.45039,6.45039
l_y (mm)_max_25%,5.92915,5.92915,5.4079,6.45039,6.45039,6.45039
l_y (mm)_max_50%,5.92915,5.92915,5.4079,6.45039,6.45039,6.45039
l_y (mm)_max_75%,5.92915,5.92915,5.4079,6.45039,6.45039,6.45039
l_y (mm)_max_max,5.92915,5.92915,5.4079,6.45039,6.45039,6.45039
l_z (mm)_count_count,1.0,1.0,1.0,1.0,1.0,1.0
l_z (mm)_count_mean,195.0,1031.0,1749.0,1076.0,265.0,55.0
l_z (mm)_count_min,195.0,1031.0,1749.0,1076.0,265.0,55.0
l_z (mm)_count_25%,195.0,1031.0,1749.0,1076.0,265.0,55.0
l_z (mm)_count_50%,195.0,1031.0,1749.0,1076.0,265.0,55.0
l_z (mm)_count_75%,195.0,1031.0,1749.0,1076.0,265.0,55.0
l_z (mm)_count_max,195.0,1031.0,1749.0,1076.0,265.0,55.0
l_z (mm)_mean_count,1.0,1.0,1.0,1.0,1.0,1.0
l_z (mm)_mean_mean,2.270319849230769,1.6833650800193984,2.287146839851343,2.201804717007435,3.643810979245283,4.548968654545455
l_z (mm)_mean_min,2.270319849230769,1.6833650800193984,2.287146839851343,2.201804717007435,3.643810979245283,4.548968654545455
l_z (mm)_mean_25%,2.270319849230769,1.6833650800193984,2.287146839851343,2.201804717007435,3.643810979245283,4.548968654545455
l_z (mm)_mean_50%,2.270319849230769,1.6833650800193984,2.287146839851343,2.201804717007435,3.643810979245283,4.548968654545455
l_z (mm)_mean_75%,2.270319849230769,1.6833650800193984,2.287146839851343,2.201804717007435,3.643810979245283,4.548968654545455
l_z (mm)_mean_max,2.270319849230769,1.6833650800193984,2.287146839851343,2.201804717007435,3.643810979245283,4.548968654545455
l_z (mm)_std_count,1.0,1.0,1.0,1.0,1.0,1.0
l_z (mm)_std_mean,3.852068841408502,3.6878856216811187,2.8340807362661207,2.6057989056699755,3.028399421211112,2.817164970711752
l_z (mm)_std_min,3.852068841408502,3.6878856216811187,2.8340807362661207,2.6057989056699755,3.028399421211112,2.817164970711752
l_z (mm)_std_25%,3.852068841408502,3.6878856216811187,2.8340807362661207,2.6057989056699755,3.028399421211112,2.817164970711752
l_z (mm)_std_50%,3.852068841408502,3.6878856216811187,2.8340807362661207,2.6057989056699755,3.028399421211112,2.817164970711752
l_z (mm)_std_75%,3.852068841408502,3.6878856216811187,2.8340807362661207,2.6057989056699755,3.028399421211112,2.817164970711752
l_z (mm)_std_max,3.852068841408502,3.6878856216811187,2.8340807362661207,2.6057989056699755,3.028399421211112,2.817164970711752
l_z (mm)_min_count,1.0,1.0,1.0,1.0,1.0,1.0
l_z (mm)_min_mean,-5.76218,-5.76218,-5.76218,-4.71969,-4.19845,-2.11347
l_z (mm)_min_min,-5.76218,-5.76218,-5.76218,-4.71969,-4.19845,-2.11347
l_z (mm)_min_25%,-5.76218,-5.76218,-5.76218,-4.71969,-4.19845,-2.11347
l_z (mm)_min_50%,-5.76218,-5.76218,-5.76218,-4.71969,-4.19845,-2.11347
l_z (mm)_min_75%,-5.76218,-5.76218,-5.76218,-4.71969,-4.19845,-2.11347
l_z (mm)_min_max,-5.76218,-5.76218,-5.76218,-4.71969,-4.19845,-2.11347
l_z (mm)_25%_count,1.0,1.0,1.0,1.0,1.0,1.0
l_z (mm)_25%_mean,0.492746,-1.59223,-0.0284977,0.492746,1.53523,3.62021
l_z (mm)_25%_min,0.492746,-1.59223,-0.0284977,0.492746,1.53523,3.62021
l_z (mm)_25%_25%,0.492746,-1.59223,-0.0284977,0.492746,1.53523,3.62021
l_z (mm)_25%_50%,0.492746,-1.59223,-0.0284977,0.492746,1.53523,3.62021
l_z (mm)_25%_75%,0.492746,-1.59223,-0.0284977,0.492746,1.53523,3.62021
l_z (mm)_25%_max,0.492746,-1.59223,-0.0284977,0.492746,1.53523,3.62021
l_z (mm)_50%_count,1.0,1.0,1.0,1.0,1.0,1.0
l_z (mm)_50%_mean,3.62021,2.57772,3.09896,2.05648,4.14145,4.14145
l_z (mm)_50%_min,3.62021,2.57772,3.09896,2.05648,4.14145,4.14145
l_z (mm)_50%_25%,3.62021,2.57772,3.09896,2.05648,4.14145,4.14145
l_z (mm)_50%_50%,3.62021,2.57772,3.09896,2.05648,4.14145,4.14145
l_z (mm)_50%_75%,3.62021,2.57772,3.09896,2.05648,4.14145,4.14145
l_z (mm)_50%_max,3.62021,2.57772,3.09896,2.05648,4.14145,4.14145
l_z (mm)_75%_count,1.0,1.0,1.0,1.0,1.0,1.0
l_z (mm)_75%_mean,5.18394,4.66269,4.14145,4.14145,6.22643,7.26891
l_z (mm)_75%_min,5.18394,4.66269,4.14145,4.14145,6.22643,7.26891
l_z (mm)_75%_25%,5.18394,4.66269,4.14145,4.14145,6.22643,7.26891
l_z (mm)_75%_50%,5.18394,4.66269,4.14145,4.14145,6.22643,7.26891
l_z (mm)_75%_75%,5.18394,4.66269,4.14145,4.14145,6.22643,7.26891
l_z (mm)_75%_max,5.18394,4.66269,4.14145,4.14145,6.22643,7.26891
l_z (mm)_max_count,1.0,1.0,1.0,1.0,1.0,1.0
l_z (mm)_max_mean,8.83264,8.83264,8.3114,8.83264,8.83264,8.3114
l_z (mm)_max_min,8.83264,8.83264,8.3114,8.83264,8.83264,8.3114
l_z (mm)_max_25%,8.83264,8.83264,8.3114,8.83264,8.83264,8.3114
l_z (mm)_max_50%,8.83264,8.83264,8.3114,8.83264,8.83264,8.3114
l_z (mm)_max_75%,8.83264,8.83264,8.3114,8.83264,8.83264,8.3114
l_z (mm)_max_max,8.83264,8.83264,8.3114,8.83264,8.83264,8.3114
l_gCluster_count_count,1.0,1.0,1.0,1.0,1.0,1.0
l_gCluster_count_mean,195.0,1031.0,1749.0,1076.0,265.0,55.0
l_gCluster_count_min,195.0,1031.0,1749.0,1076.0,265.0,55.0
l_gCluster_count_25%,195.0,1031.0,1749.0,1076.0,265.0,55.0
l_gCluster_count_50%,195.0,1031.0,1749.0,1076.0,265.0,55.0
l_gCluster_count_75%,195.0,1031.0,1749.0,1076.0,265.0,55.0
l_gCluster_count_max,195.0,1031.0,1749.0,1076.0,265.0,55.0
l_gCluster_mean_count,1.0,1.0,1.0,1.0,1.0,1.0
l_gCluster_mean_mean,0.7282051282051282,1.5751697381183316,2.3236134934248143,3.062267657992565,4.049056603773585,5.0
l_gCluster_mean_min,0.7282051282051282,1.5751697381183316,2.3236134934248143,3.062267657992565,4.049056603773585,5.0
l_gCluster_mean_25%,0.7282051282051282,1.5751697381183316,2.3236134934248143,3.062267657992565,4.049056603773585,5.0
l_gCluster_mean_50%,0.7282051282051282,1.5751697381183316,2.3236134934248143,3.062267657992565,4.049056603773585,5.0
l_gCluster_mean_75%,0.7282051282051282,1.5751697381183316,2.3236134934248143,3.062267657992565,4.049056603773585,5.0
l_gCluster_mean_max,0.7282051282051282,1.5751697381183316,2.3236134934248143,3.062267657992565,4.049056603773585,5.0
l_gCluster_std_count,1.0,1.0,1.0,1.0,1.0,1.0
l_gCluster_std_mean,0.44602986236113823,0.4945571180416469,0.46798827138286214,0.2417534144719273,0.21639491248066087,0.0
l_gCluster_std_min,0.44602986236113823,0.4945571180416469,0.46798827138286214,0.2417534144719273,0.21639491248066087,0.0
l_gCluster_std_25%,0.44602986236113823,0.4945571180416469,0.46798827138286214,0.2417534144719273,0.21639491248066087,0.0
l_gCluster_std_50%,0.44602986236113823,0.4945571180416469,0.46798827138286214,0.2417534144719273,0.21639491248066087,0.0
l_gCluster_std_75%,0.44602986236113823,0.4945571180416469,0.46798827138286214,0.2417534144719273,0.21639491248066087,0.0
l_gCluster_std_max,0.44602986236113823,0.4945571180416469,0.46798827138286214,0.2417534144719273,0.21639491248066087,0.0
l_gCluster_min_count,1.0,1.0,1.0,1.0,1.0,1.0
l_gCluster_min_mean,0.0,1.0,2.0,3.0,4.0,5.0
l_gCluster_min_min,0.0,1.0,2.0,3.0,4.0,5.0
l_gCluster_min_25%,0.0,1.0,2.0,3.0,4.0,5.0
l_gCluster_min_50%,0.0,1.0,2.0,3.0,4.0,5.0
l_gCluster_min_75%,0.0,1.0,2.0,3.0,4.0,5.0
l_gCluster_min_max,0.0,1.0,2.0,3.0,4.0,5.0
l_gCluster_25%_count,1.0,1.0,1.0,1.0,1.0,1.0
l_gCluster_25%_mean,0.0,1.0,2.0,3.0,4.0,5.0
l_gCluster_25%_min,0.0,1.0,2.0,3.0,4.0,5.0
l_gCluster_25%_25%,0.0,1.0,2.0,3.0,4.0,5.0
l_gCluster_25%_50%,0.0,1.0,2.0,3.0,4.0,5.0
l_gCluster_25%_75%,0.0,1.0,2.0,3.0,4.0,5.0
l_gCluster_25%_max,0.0,1.0,2.0,3.0,4.0,5.0
l_gCluster_50%_count,1.0,1.0,1.0,1.0,1.0,1.0
l_gCluster_50%_mean,1.0,2.0,2.0,3.0,4.0,5.0
l_gCluster_50%_min,1.0,2.0,2.0,3.0,4.0,5.0
l_gCluster_50%_25%,1.0,2.0,2.0,3.0,4.0,5.0
l_gCluster_50%_50%,1.0,2.0,2.0,3.0,4.0,5.0
l_gCluster_50%_75%,1.0,2.0,2.0,3.0,4.0,5.0
l_gCluster_50%_max,1.0,2.0,2.0,3.0,4.0,5.0
l_gCluster_75%_count,1.0,1.0,1.0,1.0,1.0,1.0
l_gCluster_75%_mean,1.0,2.0,3.0,3.0,4.0,5.0
l_gCluster_75%_min,1.0,2.0,3.0,3.0,4.0,5.0
l_gCluster_75%_25%,1.0,2.0,3.0,3.0,4.0,5.0
l_gCluster_75%_50%,1.0,2.0,3.0,3.0,4.0,5.0
l_gCluster_75%_75%,1.0,2.0,3.0,3.0,4.0,5.0
l_gCluster_75%_max,1.0,2.0,3.0,3.0,4.0,5.0
l_gCluster_max_count,1.0,1.0,1.0,1.0,1.0,1.0
l_gCluster_max_mean,1.0,2.0,3.0,4.0,5.0,5.0
l_gCluster_max_min,1.0,2.0,3.0,4.0,5.0,5.0
l_gCluster_max_25%,1.0,2.0,3.0,4.0,5.0,5.0
l_gCluster_max_50%,1.0,2.0,3.0,4.0,5.0,5.0
l_gCluster_max_75%,1.0,2.0,3.0,4.0,5.0,5.0
l_gCluster_max_max,1.0,2.0,3.0,4.0,5.0,5.0
g_Specific Ventilation (mL/mL)_count_count,1.0,1.0,1.0,1.0,1.0,1.0
g_Specific Ventilation (mL/mL)_count_mean,53.0,580.0,1776.0,1575.0,319.0,68.0
g_Specific Ventilation (mL/mL)_count_min,53.0,580.0,1776.0,1575.0,319.0,68.0
g_Specific Ventilation (mL/mL)_count_25%,53.0,580.0,1776.0,1575.0,319.0,68.0
g_Specific Ventilation (mL/mL)_count_50%,53.0,580.0,1776.0,1575.0,319.0,68.0
g_Specific Ventilation (mL/mL)_count_75%,53.0,580.0,1776.0,1575.0,319.0,68.0
g_Specific Ventilation (mL/mL)_count_max,53.0,580.0,1776.0,1575.0,319.0,68.0
g_Specific Ventilation (mL/mL)_mean_count,1.0,1.0,1.0,1.0,1.0,1.0
g_Specific Ventilation (mL/mL)_mean_mean,-0.11357134513207545,0.17724617362068965,0.318097642454955,0.4269720933333333,0.6490309811912226,1.0673449999999998
g_Specific Ventilation (mL/mL)_mean_min,-0.11357134513207545,0.17724617362068965,0.318097642454955,0.4269720933333333,0.6490309811912226,1.0673449999999998
g_Specific Ventilation (mL/mL)_mean_25%,-0.11357134513207545,0.17724617362068965,0.318097642454955,0.4269720933333333,0.6490309811912226,1.0673449999999998
g_Specific Ventilation (mL/mL)_mean_50%,-0.11357134513207545,0.17724617362068965,0.318097642454955,0.4269720933333333,0.6490309811912226,1.0673449999999998
g_Specific Ventilation (mL/mL)_mean_75%,-0.11357134513207545,0.17724617362068965,0.318097642454955,0.4269720933333333,0.6490309811912226,1.0673449999999998
g_Specific Ventilation (mL/mL)_mean_max,-0.11357134513207545,0.17724617362068965,0.318097642454955,0.4269720933333333,0.6490309811912226,1.0673449999999998
g_Specific Ventilation (mL/mL)_std_count,1.0,1.0,1.0,1.0,1.0,1.0
g_Specific Ventilation (mL/mL)_std_mean,0.1429073273701739,0.058578175625139464,0.0351571159347194,0.040235165255665964,0.08632581398519908,0.2261096388061437
g_Specific Ventilation (mL/mL)_std_min,0.1429073273701739,0.058578175625139464,0.0351571159347194,0.040235165255665964,0.08632581398519908,0.2261096388061437
g_Specific Ventilation (mL/mL)_std_25%,0.1429073273701739,0.058578175625139464,0.0351571159347194,0.040235165255665964,0.08632581398519908,0.2261096388061437
g_Specific Ventilation (mL/mL)_std_50%,0.1429073273701739,0.058578175625139464,0.0351571159347194,0.040235165255665964,0.08632581398519908,0.2261096388061437
g_Specific Ventilation (mL/mL)_std_75%,0.1429073273701739,0.058578175625139464,0.0351571159347194,0.040235165255665964,0.08632581398519908,0.2261096388061437
g_Specific Ventilation (mL/mL)_std_max,0.1429073273701739,0.058578175625139464,0.0351571159347194,0.040235165255665964,0.08632581398519908,0.2261096388061437
g_Specific Ventilation (mL/mL)_min_count,1.0,1.0,1.0,1.0,1.0,1.0
g_Specific Ventilation (mL/mL)_min_mean,-0.689437,0.0140118,0.246042,0.373377,0.538711,0.861427
g_Specific Ventilation (mL/mL)_min_min,-0.689437,0.0140118,0.246042,0.373377,0.538711,0.861427
g_Specific Ventilation (mL/mL)_min_25%,-0.689437,0.0140118,0.246042,0.373377,0.538711,0.861427
g_Specific Ventilation (mL/mL)_min_50%,-0.689437,0.0140118,0.246042,0.373377,0.538711,0.861427
g_Specific Ventilation (mL/mL)_min_75%,-0.689437,0.0140118,0.246042,0.373377,0.538711,0.861427
g_Specific Ventilation (mL/mL)_min_max,-0.689437,0.0140118,0.246042,0.373377,0.538711,0.861427
g_Specific Ventilation (mL/mL)_25%_count,1.0,1.0,1.0,1.0,1.0,1.0
g_Specific Ventilation (mL/mL)_25%_mean,-0.144212,0.14329175,0.289418,0.39455700000000005,0.573124,0.90421775
g_Specific Ventilation (mL/mL)_25%_min,-0.144212,0.14329175,0.289418,0.39455700000000005,0.573124,0.90421775
g_Specific Ventilation (mL/mL)_25%_25%,-0.144212,0.14329175,0.289418,0.39455700000000005,0.573124,0.90421775
g_Specific Ventilation (mL/mL)_25%_50%,-0.144212,0.14329175,0.289418,0.39455700000000005,0.573124,0.90421775
g_Specific Ventilation (mL/mL)_25%_75%,-0.144212,0.14329175,0.289418,0.39455700000000005,0.573124,0.90421775
g_Specific Ventilation (mL/mL)_25%_max,-0.144212,0.14329175,0.289418,0.39455700000000005,0.573124,0.90421775
g_Specific Ventilation (mL/mL)_50%_count,1.0,1.0,1.0,1.0,1.0,1.0
g_Specific Ventilation (mL/mL)_50%_mean,-0.0671579,0.1952715,0.321245,0.418057,0.636325,0.973179
g_Specific Ventilation (mL/mL)_50%_min,-0.0671579,0.1952715,0.321245,0.418057,0.636325,0.973179
g_Specific Ventilation (mL/mL)_50%_25%,-0.0671579,0.1952715,0.321245,0.418057,0.636325,0.973179
g_Specific Ventilation (mL/mL)_50%_50%,-0.0671579,0.1952715,0.321245,0.418057,0.636325,0.973179
g_Specific Ventilation (mL/mL)_50%_75%,-0.0671579,0.1952715,0.321245,0.418057,0.636325,0.973179
g_Specific Ventilation (mL/mL)_50%_max,-0.0671579,0.1952715,0.321245,0.418057,0.636325,0.973179
g_Specific Ventilation (mL/mL)_75%_count,1.0,1.0,1.0,1.0,1.0,1.0
g_Specific Ventilation (mL/mL)_75%_mean,-0.011824,0.226804,0.3479355,0.45011650000000003,0.701122,1.1213674999999999
g_Specific Ventilation (mL/mL)_75%_min,-0.011824,0.226804,0.3479355,0.45011650000000003,0.701122,1.1213674999999999
g_Specific Ventilation (mL/mL)_75%_25%,-0.011824,0.226804,0.3479355,0.45011650000000003,0.701122,1.1213674999999999
g_Specific Ventilation (mL/mL)_75%_50%,-0.011824,0.226804,0.3479355,0.45011650000000003,0.701122,1.1213674999999999
g_Specific Ventilation (mL/mL)_75%_75%,-0.011824,0.226804,0.3479355,0.45011650000000003,0.701122,1.1213674999999999
g_Specific Ventilation (mL/mL)_75%_max,-0.011824,0.226804,0.3479355,0.45011650000000003,0.701122,1.1213674999999999
g_Specific Ventilation (mL/mL)_max_count,1.0,1.0,1.0,1.0,1.0,1.0
g_Specific Ventilation (mL/mL)_max_mean,0.0100965,0.245697,0.373318,0.537584,0.859119,1.74356
g_Specific Ventilation (mL/mL)_max_min,0.0100965,0.245697,0.373318,0.537584,0.859119,1.74356
g_Specific Ventilation (mL/mL)_max_25%,0.0100965,0.245697,0.373318,0.537584,0.859119,1.74356
g_Specific Ventilation (mL/mL)_max_50%,0.0100965,0.245697,0.373318,0.537584,0.859119,1.74356
g_Specific Ventilation (mL/mL)_max_75%,0.0100965,0.245697,0.373318,0.537584,0.859119,1.74356
g_Specific Ventilation (mL/mL)_max_max,0.0100965,0.245697,0.373318,0.537584,0.859119,1.74356
g_x (mm)_count_count,1.0,1.0,1.0,1.0,1.0,1.0
g_x (mm)_count_mean,53.0,580.0,1776.0,1575.0,319.0,68.0
g_x (mm)_count_min,53.0,580.0,1776.0,1575.0,319.0,68.0
g_x (mm)_count_25%,53.0,580.0,1776.0,1575.0,319.0,68.0
g_x (mm)_count_50%,53.0,580.0,1776.0,1575.0,319.0,68.0
g_x (mm)_count_75%,53.0,580.0,1776.0,1575.0,319.0,68.0
g_x (mm)_count_max,53.0,580.0,1776.0,1575.0,319.0,68.0
g_x (mm)_mean_count,1.0,1.0,1.0,1.0,1.0,1.0
g_x (mm)_mean_mean,1.3953116981132077,0.5765147620689655,0.9526799763513514,0.28349985841269837,-0.25714829153605023,0.6937158970588235
g_x (mm)_mean_min,1.3953116981132077,0.5765147620689655,0.9526799763513514,0.28349985841269837,-0.25714829153605023,0.6937158970588235
g_x (mm)_mean_25%,1.3953116981132077,0.5765147620689655,0.9526799763513514,0.28349985841269837,-0.25714829153605023,0.6937158970588235
g_x (mm)_mean_50%,1.3953116981132077,0.5765147620689655,0.9526799763513514,0.28349985841269837,-0.25714829153605023,0.6937158970588235
g_x (mm)_mean_75%,1.3953116981132077,0.5765147620689655,0.9526799763513514,0.28349985841269837,-0.25714829153605023,0.6937158970588235
g_x (mm)_mean_max,1.3953116981132077,0.5765147620689655,0.9526799763513514,0.28349985841269837,-0.25714829153605023,0.6937158970588235
g_x (mm)_std_count,1.0,1.0,1.0,1.0,1.0,1.0
g_x (mm)_std_mean,3.5611414343517436,3.562355722445194,3.287009666999349,4.087315441767872,4.205294532448057,2.672186302688483
g_x (mm)_std_min,3.5611414343517436,3.562355722445194,3.287009666999349,4.087315441767872,4.205294532448057,2.672186302688483
g_x (mm)_std_25%,3.5611414343517436,3.562355722445194,3.287009666999349,4.087315441767872,4.205294532448057,2.672186302688483
g_x (mm)_std_50%,3.5611414343517436,3.562355722445194,3.287009666999349,4.087315441767872,4.205294532448057,2.672186302688483
g_x (mm)_std_75%,3.5611414343517436,3.562355722445194,3.287009666999349,4.087315441767872,4.205294532448057,2.672186302688483
g_x (mm)_std_max,3.5611414343517436,3.562355722445194,3.287009666999349,4.087315441767872,4.205294532448057,2.672186302688483
g_x (mm)_min_count,1.0,1.0,1.0,1.0,1.0,1.0
g_x (mm)_min_mean,-6.05946,-6.5807,-6.5807,-6.5807,-6.5807,-4.49573
g_x (mm)_min_min,-6.05946,-6.5807,-6.5807,-6.5807,-6.5807,-4.49573
g_x (mm)_min_25%,-6.05946,-6.5807,-6.5807,-6.5807,-6.5807,-4.49573
g_x (mm)_min_50%,-6.05946,-6.5807,-6.5807,-6.5807,-6.5807,-4.49573
g_x (mm)_min_75%,-6.05946,-6.5807,-6.5807,-6.5807,-6.5807,-4.49573
g_x (mm)_min_max,-6.05946,-6.5807,-6.5807,-6.5807,-6.5807,-4.49573
g_x (mm)_25%_count,1.0,1.0,1.0,1.0,1.0,1.0
g_x (mm)_25%_mean,-0.325777,-2.41075,-1.88951,-3.97448,-5.01697,-1.36826
g_x (mm)_25%_min,-0.325777,-2.41075,-1.88951,-3.97448,-5.01697,-1.36826
g_x (mm)_25%_25%,-0.325777,-2.41075,-1.88951,-3.97448,-5.01697,-1.36826
g_x (mm)_25%_50%,-0.325777,-2.41075,-1.88951,-3.97448,-5.01697,-1.36826
g_x (mm)_25%_75%,-0.325777,-2.41075,-1.88951,-3.97448,-5.01697,-1.36826
g_x (mm)_25%_max,-0.325777,-2.41075,-1.88951,-3.97448,-5.01697,-1.36826
g_x (mm)_50%_count,1.0,1.0,1.0,1.0,1.0,1.0
g_x (mm)_50%_mean,2.28044,0.716711,1.7592,1.7592,0.716711,1.23796
g_x (mm)_50%_min,2.28044,0.716711,1.7592,1.7592,0.716711,1.23796
g_x (mm)_50%_25%,2.28044,0.716711,1.7592,1.7592,0.716711,1.23796
g_x (mm)_50%_50%,2.28044,0.716711,1.7592,1.7592,0.716711,1.23796
g_x (mm)_50%_75%,2.28044,0.716711,1.7592,1.7592,0.716711,1.23796
g_x (mm)_50%_max,2.28044,0.716711,1.7592,1.7592,0.716711,1.23796
g_x (mm)_75%_count,1.0,1.0,1.0,1.0,1.0,1.0
g_x (mm)_75%_mean,3.84417,3.84417,3.84417,3.84417,3.32293,2.28044
g_x (mm)_75%_min,3.84417,3.84417,3.84417,3.84417,3.32293,2.28044
g_x (mm)_75%_25%,3.84417,3.84417,3.84417,3.84417,3.32293,2.28044
g_x (mm)_75%_50%,3.84417,3.84417,3.84417,3.84417,3.32293,2.28044
g_x (mm)_75%_75%,3.84417,3.84417,3.84417,3.84417,3.32293,2.28044
g_x (mm)_75%_max,3.84417,3.84417,3.84417,3.84417,3.32293,2.28044
g_x (mm)_max_count,1.0,1.0,1.0,1.0,1.0,1.0
g_x (mm)_max_mean,5.92915,6.45039,6.45039,6.45039,6.45039,6.45039
g_x (mm)_max_min,5.92915,6.45039,6.45039,6.45039,6.45039,6.45039
g_x (mm)_max_25%,5.92915,6.45039,6.45039,6.45039,6.45039,6.45039
g_x (mm)_max_50%,5.92915,6.45039,6.45039,6.45039,6.45039,6.45039
g_x (mm)_max_75%,5.92915,6.45039,6.45039,6.45039,6.45039,6.45039
g_x (mm)_max_max,5.92915,6.45039,6.45039,6.45039,6.45039,6.45039
g_y (mm)_count_count,1.0,1.0,1.0,1.0,1.0,1.0
g_y (mm)_count_mean,53.0,580.0,1776.0,1575.0,319.0,68.0
g_y (mm)_count_min,53.0,580.0,1776.0,1575.0,319.0,68.0
g_y (mm)_count_25%,53.0,580.0,1776.0,1575.0,319.0,68.0
g_y (mm)_count_50%,53.0,580.0,1776.0,1575.0,319.0,68.0
g_y (mm)_count_75%,53.0,580.0,1776.0,1575.0,319.0,68.0
g_y (mm)_count_max,53.0,580.0,1776.0,1575.0,319.0,68.0
g_y (mm)_mean_count,1.0,1.0,1.0,1.0,1.0,1.0
g_y (mm)_mean_mean,2.0837459056603773,-0.7328848844827586,-0.7812766216216216,-0.06432639999999994,0.37520663949843236,1.2226238382352936
g_y (mm)_mean_min,2.0837459056603773,-0.7328848844827586,-0.7812766216216216,-0.06432639999999994,0.37520663949843236,1.2226238382352936
g_y (mm)_mean_25%,2.0837459056603773,-0.7328848844827586,-0.7812766216216216,-0.06432639999999994,0.37520663949843236,1.2226238382352936
g_y (mm)_mean_50%,2.0837459056603773,-0.7328848844827586,-0.7812766216216216,-0.06432639999999994,0.37520663949843236,1.2226238382352936
g_y (mm)_mean_75%,2.0837459056603773,-0.7328848844827586,-0.7812766216216216,-0.06432639999999994,0.37520663949843236,1.2226238382352936
g_y (mm)_mean_max,2.0837459056603773,-0.7328848844827586,-0.7812766216216216,-0.06432639999999994,0.37520663949843236,1.2226238382352936
g_y (mm)_std_count,1.0,1.0,1.0,1.0,1.0,1.0
g_y (mm)_std_mean,2.766157282097107,2.680439932536521,1.9130625594259634,1.8962749054290349,3.254125290936292,4.768755414024188
g_y (mm)_std_min,2.766157282097107,2.680439932536521,1.9130625594259634,1.8962749054290349,3.254125290936292,4.768755414024188
g_y (mm)_std_25%,2.766157282097107,2.680439932536521,1.9130625594259634,1.8962749054290349,3.254125290936292,4.768755414024188
g_y (mm)_std_50%,2.766157282097107,2.680439932536521,1.9130625594259634,1.8962749054290349,3.254125290936292,4.768755414024188
g_y (mm)_std_75%,2.766157282097107,2.680439932536521,1.9130625594259634,1.8962749054290349,3.254125290936292,4.768755414024188
g_y (mm)_std_max,2.766157282097107,2.680439932536521,1.9130625594259634,1.8962749054290349,3.254125290936292,4.768755414024188
g_y (mm)_min_count,1.0,1.0,1.0,1.0,1.0,1.0
g_y (mm)_min_mean,-4.49573,-5.01697,-5.01697,-5.53821,-5.53821,-5.53821
g_y (mm)_min_min,-4.49573,-5.01697,-5.01697,-5.53821,-5.53821,-5.53821
g_y (mm)_min_25%,-4.49573,-5.01697,-5.01697,-5.53821,-5.53821,-5.53821
g_y (mm)_min_50%,-4.49573,-5.01697,-5.01697,-5.53821,-5.53821,-5.53821
g_y (mm)_min_75%,-4.49573,-5.01697,-5.01697,-5.53821,-5.53821,-5.53821
g_y (mm)_min_max,-4.49573,-5.01697,-5.01697,-5.53821,-5.53821,-5.53821
g_y (mm)_25%_count,1.0,1.0,1.0,1.0,1.0,1.0
g_y (mm)_25%_mean,1.7592,-3.45324,-2.41075,-1.36826,-1.88951,-4.1047925
g_y (mm)_25%_min,1.7592,-3.45324,-2.41075,-1.36826,-1.88951,-4.1047925
g_y (mm)_25%_25%,1.7592,-3.45324,-2.41075,-1.36826,-1.88951,-4.1047925
g_y (mm)_25%_50%,1.7592,-3.45324,-2.41075,-1.36826,-1.88951,-4.1047925
g_y (mm)_25%_75%,1.7592,-3.45324,-2.41075,-1.36826,-1.88951,-4.1047925
g_y (mm)_25%_max,1.7592,-3.45324,-2.41075,-1.36826,-1.88951,-4.1047925
g_y (mm)_50%_count,1.0,1.0,1.0,1.0,1.0,1.0
g_y (mm)_50%_mean,2.28044,-1.36826,-0.84702,0.195467,0.195467,2.280445
g_y (mm)_50%_min,2.28044,-1.36826,-0.84702,0.195467,0.195467,2.280445
g_y (mm)_50%_25%,2.28044,-1.36826,-0.84702,0.195467,0.195467,2.280445
g_y (mm)_50%_50%,2.28044,-1.36826,-0.84702,0.195467,0.195467,2.280445
g_y (mm)_50%_75%,2.28044,-1.36826,-0.84702,0.195467,0.195467,2.280445
g_y (mm)_50%_max,2.28044,-1.36826,-0.84702,0.195467,0.195467,2.280445
g_y (mm)_75%_count,1.0,1.0,1.0,1.0,1.0,1.0
g_y (mm)_75%_mean,3.84417,1.7592,0.716711,1.23796,2.80169,5.92915
g_y (mm)_75%_min,3.84417,1.7592,0.716711,1.23796,2.80169,5.92915
g_y (mm)_75%_25%,3.84417,1.7592,0.716711,1.23796,2.80169,5.92915
g_y (mm)_75%_50%,3.84417,1.7592,0.716711,1.23796,2.80169,5.92915
g_y (mm)_75%_75%,3.84417,1.7592,0.716711,1.23796,2.80169,5.92915
g_y (mm)_75%_max,3.84417,1.7592,0.716711,1.23796,2.80169,5.92915
g_y (mm)_max_count,1.0,1.0,1.0,1.0,1.0,1.0
g_y (mm)_max_mean,5.92915,5.92915,5.92915,6.45039,6.45039,6.45039
g_y (mm)_max_min,5.92915,5.92915,5.92915,6.45039,6.45039,6.45039
g_y (mm)_max_25%,5.92915,5.92915,5.92915,6.45039,6.45039,6.45039
g_y (mm)_max_50%,5.92915,5.92915,5.92915,6.45039,6.45039,6.45039
g_y (mm)_max_75%,5.92915,5.92915,5.92915,6.45039,6.45039,6.45039
g_y (mm)_max_max,5.92915,5.92915,5.92915,6.45039,6.45039,6.45039
g_z (mm)_count_count,1.0,1.0,1.0,1.0,1.0,1.0
g_z (mm)_count_mean,53.0,580.0,1776.0,1575.0,319.0,68.0
g_z (mm)_count_min,53.0,580.0,1776.0,1575.0,319.0,68.0
g_z (mm)_count_25%,53.0,580.0,1776.0,1575.0,319.0,68.0
g_z (mm)_count_50%,53.0,580.0,1776.0,1575.0,319.0,68.0
g_z (mm)_count_75%,53.0,580.0,1776.0,1575.0,319.0,68.0
g_z (mm)_count_max,53.0,580.0,1776.0,1575.0,319.0,68.0
g_z (mm)_mean_count,1.0,1.0,1.0,1.0,1.0,1.0
g_z (mm)_mean_mean,0.9943195094339623,1.8506750022413794,2.054421993806306,2.2921116871746032,3.396350672100314,4.340749764705882
g_z (mm)_mean_min,0.9943195094339623,1.8506750022413794,2.054421993806306,2.2921116871746032,3.396350672100314,4.340749764705882
g_z (mm)_mean_25%,0.9943195094339623,1.8506750022413794,2.054421993806306,2.2921116871746032,3.396350672100314,4.340749764705882
g_z (mm)_mean_50%,0.9943195094339623,1.8506750022413794,2.054421993806306,2.2921116871746032,3.396350672100314,4.340749764705882
g_z (mm)_mean_75%,0.9943195094339623,1.8506750022413794,2.054421993806306,2.2921116871746032,3.396350672100314,4.340749764705882
g_z (mm)_mean_max,0.9943195094339623,1.8506750022413794,2.054421993806306,2.2921116871746032,3.396350672100314,4.340749764705882
g_z (mm)_std_count,1.0,1.0,1.0,1.0,1.0,1.0
g_z (mm)_std_mean,4.289720966533764,3.7775813068637825,3.221890182615267,2.5366104231654387,3.022173440596511,2.93623620991987
g_z (mm)_std_min,4.289720966533764,3.7775813068637825,3.221890182615267,2.5366104231654387,3.022173440596511,2.93623620991987
g_z (mm)_std_25%,4.289720966533764,3.7775813068637825,3.221890182615267,2.5366104231654387,3.022173440596511,2.93623620991987
g_z (mm)_std_50%,4.289720966533764,3.7775813068637825,3.221890182615267,2.5366104231654387,3.022173440596511,2.93623620991987
g_z (mm)_std_75%,4.289720966533764,3.7775813068637825,3.221890182615267,2.5366104231654387,3.022173440596511,2.93623620991987
g_z (mm)_std_max,4.289720966533764,3.7775813068637825,3.221890182615267,2.5366104231654387,3.022173440596511,2.93623620991987
g_z (mm)_min_count,1.0,1.0,1.0,1.0,1.0,1.0
g_z (mm)_min_mean,-5.76218,-5.76218,-5.76218,-4.71969,-4.19845,-2.63472
g_z (mm)_min_min,-5.76218,-5.76218,-5.76218,-4.71969,-4.19845,-2.63472
g_z (mm)_min_25%,-5.76218,-5.76218,-5.76218,-4.71969,-4.19845,-2.63472
g_z (mm)_min_50%,-5.76218,-5.76218,-5.76218,-4.71969,-4.19845,-2.63472
g_z (mm)_min_75%,-5.76218,-5.76218,-5.76218,-4.71969,-4.19845,-2.63472
g_z (mm)_min_max,-5.76218,-5.76218,-5.76218,-4.71969,-4.19845,-2.63472
g_z (mm)_25%_count,1.0,1.0,1.0,1.0,1.0,1.0
g_z (mm)_25%_mean,-3.6772,-1.07098,-0.549742,0.492746,1.01399,3.4898975
g_z (mm)_25%_min,-3.6772,-1.07098,-0.549742,0.492746,1.01399,3.4898975
g_z (mm)_25%_25%,-3.6772,-1.07098,-0.549742,0.492746,1.01399,3.4898975
g_z (mm)_25%_50%,-3.6772,-1.07098,-0.549742,0.492746,1.01399,3.4898975
g_z (mm)_25%_75%,-3.6772,-1.07098,-0.549742,0.492746,1.01399,3.4898975
g_z (mm)_25%_max,-3.6772,-1.07098,-0.549742,0.492746,1.01399,3.4898975
g_z (mm)_50%_count,1.0,1.0,1.0,1.0,1.0,1.0
g_z (mm)_50%_mean,2.05648,2.57772,2.57772,2.57772,3.62021,4.14145
g_z (mm)_50%_min,2.05648,2.57772,2.57772,2.57772,3.62021,4.14145
g_z (mm)_50%_25%,2.05648,2.57772,2.57772,2.57772,3.62021,4.14145
g_z (mm)_50%_50%,2.05648,2.57772,2.57772,2.57772,3.62021,4.14145
g_z (mm)_50%_75%,2.05648,2.57772,2.57772,2.57772,3.62021,4.14145
g_z (mm)_50%_max,2.05648,2.57772,2.57772,2.57772,3.62021,4.14145
g_z (mm)_75%_count,1.0,1.0,1.0,1.0,1.0,1.0
g_z (mm)_75%_mean,5.18394,5.18394,4.66269,4.14145,6.22643,6.87798
g_z (mm)_75%_min,5.18394,5.18394,4.66269,4.14145,6.22643,6.87798
g_z (mm)_75%_25%,5.18394,5.18394,4.66269,4.14145,6.22643,6.87798
g_z (mm)_75%_50%,5.18394,5.18394,4.66269,4.14145,6.22643,6.87798
g_z (mm)_75%_75%,5.18394,5.18394,4.66269,4.14145,6.22643,6.87798
g_z (mm)_75%_max,5.18394,5.18394,4.66269,4.14145,6.22643,6.87798
g_z (mm)_max_count,1.0,1.0,1.0,1.0,1.0,1.0
g_z (mm)_max_mean,6.22643,8.83264,8.3114,8.83264,8.83264,8.3114
g_z (mm)_max_min,6.22643,8.83264,8.3114,8.83264,8.83264,8.3114
g_z (mm)_max_25%,6.22643,8.83264,8.3114,8.83264,8.83264,8.3114
g_z (mm)_max_50%,6.22643,8.83264,8.3114,8.83264,8.83264,8.3114
g_z (mm)_max_75%,6.22643,8.83264,8.3114,8.83264,8.83264,8.3114
g_z (mm)_max_max,6.22643,8.83264,8.3114,8.83264,8.83264,8.3114
g_lCluster_count_count,1.0,1.0,1.0,1.0,1.0,1.0
g_lCluster_count_mean,53.0,580.0,1776.0,1575.0,319.0,68.0
g_lCluster_count_min,53.0,580.0,1776.0,1575.0,319.0,68.0
g_lCluster_count_25%,53.0,580.0,1776.0,1575.0,319.0,68.0
g_lCluster_count_50%,53.0,580.0,1776.0,1575.0,319.0,68.0
g_lCluster_count_75%,53.0,580.0,1776.0,1575.0,319.0,68.0
g_lCluster_count_max,53.0,580.0,1776.0,1575.0,319.0,68.0
g_lCluster_mean_count,1.0,1.0,1.0,1.0,1.0,1.0
g_lCluster_mean_mean,0.0,0.753448275862069,1.6497747747747749,2.57015873015873,3.677115987460815,4.602941176470588
g_lCluster_mean_min,0.0,0.753448275862069,1.6497747747747749,2.57015873015873,3.677115987460815,4.602941176470588
g_lCluster_mean_25%,0.0,0.753448275862069,1.6497747747747749,2.57015873015873,3.677115987460815,4.602941176470588
g_lCluster_mean_50%,0.0,0.753448275862069,1.6497747747747749,2.57015873015873,3.677115987460815,4.602941176470588
g_lCluster_mean_75%,0.0,0.753448275862069,1.6497747747747749,2.57015873015873,3.677115987460815,4.602941176470588
g_lCluster_mean_max,0.0,0.753448275862069,1.6497747747747749,2.57015873015873,3.677115987460815,4.602941176470588
g_lCluster_std_count,1.0,1.0,1.0,1.0,1.0,1.0
g_lCluster_std_mean,0.0,0.4313754830043821,0.47717473098740987,0.49521051721902387,0.46831340198572835,0.4929262571578128
g_lCluster_std_min,0.0,0.4313754830043821,0.47717473098740987,0.49521051721902387,0.46831340198572835,0.4929262571578128
g_lCluster_std_25%,0.0,0.4313754830043821,0.47717473098740987,0.49521051721902387,0.46831340198572835,0.4929262571578128
g_lCluster_std_50%,0.0,0.4313754830043821,0.47717473098740987,0.49521051721902387,0.46831340198572835,0.4929262571578128
g_lCluster_std_75%,0.0,0.4313754830043821,0.47717473098740987,0.49521051721902387,0.46831340198572835,0.4929262571578128
g_lCluster_std_max,0.0,0.4313754830043821,0.47717473098740987,0.49521051721902387,0.46831340198572835,0.4929262571578128
g_lCluster_min_count,1.0,1.0,1.0,1.0,1.0,1.0
g_lCluster_min_mean,0.0,0.0,1.0,2.0,3.0,4.0
g_lCluster_min_min,0.0,0.0,1.0,2.0,3.0,4.0
g_lCluster_min_25%,0.0,0.0,1.0,2.0,3.0,4.0
g_lCluster_min_50%,0.0,0.0,1.0,2.0,3.0,4.0
g_lCluster_min_75%,0.0,0.0,1.0,2.0,3.0,4.0
g_lCluster_min_max,0.0,0.0,1.0,2.0,3.0,4.0
g_lCluster_25%_count,1.0,1.0,1.0,1.0,1.0,1.0
g_lCluster_25%_mean,0.0,1.0,1.0,2.0,3.0,4.0
g_lCluster_25%_min,0.0,1.0,1.0,2.0,3.0,4.0
g_lCluster_25%_25%,0.0,1.0,1.0,2.0,3.0,4.0
g_lCluster_25%_50%,0.0,1.0,1.0,2.0,3.0,4.0
g_lCluster_25%_75%,0.0,1.0,1.0,2.0,3.0,4.0
g_lCluster_25%_max,0.0,1.0,1.0,2.0,3.0,4.0
g_lCluster_50%_count,1.0,1.0,1.0,1.0,1.0,1.0
g_lCluster_50%_mean,0.0,1.0,2.0,3.0,4.0,5.0
g_lCluster_50%_min,0.0,1.0,2.0,3.0,4.0,5.0
g_lCluster_50%_25%,0.0,1.0,2.0,3.0,4.0,5.0
g_lCluster_50%_50%,0.0,1.0,2.0,3.0,4.0,5.0
g_lCluster_50%_75%,0.0,1.0,2.0,3.0,4.0,5.0
g_lCluster_50%_max,0.0,1.0,2.0,3.0,4.0,5.0
g_lCluster_75%_count,1.0,1.0,1.0,1.0,1.0,1.0
g_lCluster_75%_mean,0.0,1.0,2.0,3.0,4.0,5.0
g_lCluster_75%_min,0.0,1.0,2.0,3.0,4.0,5.0
g_lCluster_75%_25%,0.0,1.0,2.0,3.0,4.0,5.0
g_lCluster_75%_50%,0.0,1.0,2.0,3.0,4.0,5.0
g_lCluster_75%_75%,0.0,1.0,2.0,3.0,4.0,5.0
g_lCluster_75%_max,0.0,1.0,2.0,3.0,4.0,5.0
g_lCluster_max_count,1.0,1.0,1.0,1.0,1.0,1.0
g_lCluster_max_mean,0.0,1.0,2.0,3.0,4.0,5.0
g_lCluster_max_min,0.0,1.0,2.0,3.0,4.0,5.0
g_lCluster_max_25%,0.0,1.0,2.0,3.0,4.0,5.0
g_lCluster_max_50%,0.0,1.0,2.0,3.0,4.0,5.0
g_lCluster_max_75%,0.0,1.0,2.0,3.0,4.0,5.0
g_lCluster_max_max,0.0,1.0,2.0,3.0,4.0,5.0
